row,category
11000,Credit card
11007,Bank account or service
11009,Mortgage
11016,Bank account or service
11017,Credit reporting
11020,Credit card
11031,Bank account or service
11034,Mortgage
11036,Bank account or service
11037,Credit card
11054,Consumer loan
11065,Mortgage
11071,Consumer loan
11080,Mortgage
11082,Debt collection
11087,Credit reporting
11091,Mortgage
11093,Credit reporting
11094,Credit card
11095,Credit card
11098,Debt collection
11099,Money transfer or service
11101,Mortgage
11104,Bank account or service
11107,Credit reporting
11115,Credit reporting
11123,Bank account or service
11130,Credit reporting
11132,Credit card
11139,Credit card
11145,Mortgage
11146,Bank account or service
11152,Consumer loan
11156,Credit reporting
11157,Mortgage
11171,Bank account or service
11187,Bank account or service
11189,Debt collection
11202,Bank account or service
11203,Credit reporting
11214,Credit reporting
11218,Mortgage
11224,Money transfer or service
11229,Debt collection
11230,Money transfer or service
11237,Debt collection
11239,Mortgage
11240,Debt collection
11242,Consumer loan
11258,Bank account or service
11261,Credit reporting
11263,Credit card
11265,Bank account or service
11266,Debt collection
11270,Credit reporting
11271,Money transfer or service
11276,Credit reporting
11279,Bank account or service
11282,Bank account or service
11283,Credit card
11287,Credit reporting
11290,Debt collection
11293,Bank account or service
11294,Money transfer or service
11296,Money transfer or service
11300,Money transfer or service
11306,Mortgage
11308,Credit card
11312,Mortgage
11319,Bank account or service
11325,Bank account or service
11354,Money transfer or service
11359,Bank account or service
11361,Debt collection
11363,Credit reporting
11369,Credit card
11370,Consumer loan
11372,Bank account or service
11376,Mortgage
11395,Bank account or service
11399,Debt collection
11402,Bank account or service
11411,Credit reporting
11428,Money transfer or service
11431,Credit reporting
11437,Credit reporting
11449,Credit reporting
11450,Credit reporting
11451,Mortgage
11470,Credit reporting
11479,Bank account or service
11480,Debt collection
11489,Credit reporting
11490,Bank account or service
11514,Mortgage
11516,Bank account or service
11521,Bank account or service
11522,Bank account or service
11533,Debt collection
11554,Credit reporting
11560,Consumer loan
11565,Debt collection
11572,Bank account or service
11576,Credit card
11581,Credit reporting
11587,Bank account or service
11603,Debt collection
11606,Mortgage
11618,Credit reporting
11620,Consumer loan
11622,Debt collection
11627,Consumer loan
11629,Credit reporting
11630,Bank account or service
11659,Mortgage
11669,Mortgage
11677,Money transfer or service
11680,Debt collection
11686,Money transfer or service
11689,Credit card
11694,Credit reporting
11706,Money transfer or service
11713,Credit reporting
11715,Money transfer or service
11717,Credit reporting
11727,Credit reporting
11729,Credit reporting
11732,Credit reporting
11741,Debt collection
11745,Bank account or service
11746,Consumer loan
11747,Credit reporting
11748,Consumer loan
11761,Mortgage
11764,Debt collection
11772,Money transfer or service
11780,Bank account or service
11784,Credit reporting
11786,Bank account or service
11792,Mortgage
11798,Credit reporting
11818,Debt collection
11820,Debt collection
11825,Bank account or service
11827,Credit card
11829,Credit reporting
11830,Credit reporting
11842,Debt collection
11856,Credit card
11858,Consumer loan
11860,Credit reporting
11863,Consumer loan
11864,Money transfer or service
11865,Credit reporting
11866,Credit reporting
11873,Credit card
11878,Debt collection
11885,Credit card
11895,Debt collection
11898,Credit reporting
11900,Credit reporting
11902,Credit reporting
11904,Consumer loan
11907,Credit card
11909,Bank account or service
11917,Debt collection
11919,Debt collection
11921,Consumer loan
11926,Mortgage
11928,Credit reporting
11933,Bank account or service
11952,Bank account or service
11956,Mortgage
11989,Mortgage
11998,Bank account or service
