row,request_id,actual_category,predicted_category,status,elapsed_ms,error
11000,9ddf03bb-84b8-4164-93f8-6d304b932468,Credit card,Credit reporting,200,6851.364,
11007,80a51001-3ef5-4cfe-a0c1-74cb27330dc5,Bank account or service,Bank account or service,200,2485.932,
11009,4214f45b-71ec-4a74-ab7b-3f16745f2672,Mortgage,Debt collection,200,2080.438,
11016,6f37c8bd-6515-4419-9388-d468bc830fe3,Bank account or service,Bank account or service,200,2914.489,
11017,a857e4a9-d383-406f-badc-1e90b90b6f0f,Credit reporting,Credit reporting,200,2895.354,
11020,30a63bad-3f4e-4663-ac6f-1b6965d87b57,Credit card,Credit card,200,1846.777,
11031,e45db6e3-ff7d-47a2-ad38-56c23c63cf04,Bank account or service,Credit reporting,200,3110.001,
11034,5b45e41c-dad4-42de-96ca-37da628922e4,Mortgage,Mortgage,200,4008.775,
11036,8da4bfbc-8dcb-42c6-b5d5-1016bd7acd0f,Bank account or service,Bank account or service,200,4620.129,
11037,dcc423cc-df8c-4c34-9841-4ff6519e3c10,Credit card,Credit card,200,2209.628,
11054,97034358-472d-49ac-be0d-aafaabaf045c,Consumer loan,Debt collection,200,3421.716,
11065,71bd8cb5-91a6-4b46-9de3-955f5f012668,Mortgage,Mortgage,200,2328.456,
11071,72f2f9f2-e923-4e27-98a4-32f2db331a46,Consumer loan,Debt collection,200,4839.563,
11080,0a27c7e7-642b-49fd-b3dc-74e8dc614fa3,Mortgage,Mortgage,200,2387.361,
11082,9656f04e-7594-4ec5-b1f5-358cb5ae5312,Debt collection,Debt collection,200,2732.385,
11087,8e1e7997-6d89-430d-8194-2b001fa179ed,Credit reporting,Credit reporting,200,2363.942,
11091,98e0121e-e4a1-4d69-91c9-581ae62d4e6e,Mortgage,Mortgage,200,2687.098,
11093,3b9759d6-951c-4a12-ad09-6d8c11cba58a,Credit reporting,Credit reporting,200,3303.902,
11094,55f240c9-204e-4bfc-848c-c3b35ea8a12a,Credit card,Credit card,200,3751.724,
11095,9b4a234a-a7b6-4bdb-8c46-75ab964f76ff,Credit card,Credit card,200,3295.954,
11098,430d4ae1-a0e1-45e1-a653-063421ba1488,Debt collection,Debt collection,200,2748.202,
11099,a42d529b-68a3-44f9-b898-54cd78f38369,Money transfer or service,Debt collection,200,2089.973,
11101,f12d8952-2758-40ec-943b-26bd99426e96,Mortgage,Mortgage,200,2656.771,
11104,e6e1ac6b-3752-4bbf-8971-27772680d4f1,Bank account or service,Consumer loan,200,3140.317,
11107,2ff49c18-7fe3-4e34-bd5e-8b585576fb6a,Credit reporting,Credit reporting,200,2439.558,
11115,a1706cde-ba1e-4d1f-a7ec-1ad7a376b99d,Credit reporting,Credit reporting,200,1612.183,
11123,882ad829-aff6-4181-9972-08f25e8c88be,Bank account or service,Bank account or service,200,2213.236,
11130,6ba770d2-7771-48ea-9383-528687e7d5d9,Credit reporting,Credit reporting,200,2493.314,
11132,7a4c0d93-8d9f-403c-ad58-8db0734fd67e,Credit card,Credit card,200,4212.705,
11139,f0a77125-1918-4fd5-9aa7-866a44926e10,Credit card,Credit card,200,3139.871,
11145,eff78981-4ff1-4696-ae38-8838cf7f4a08,Mortgage,Mortgage,200,2958.678,
11146,0d0e5bc1-9619-4749-bbea-5989e13f0864,Bank account or service,Credit reporting,200,1731.318,
11152,c686da3c-49a6-4cc2-9e8a-73241a049831,Consumer loan,Debt collection,200,3191.712,
11156,0f3e008a-b0c1-488c-a00d-5296096d6b6d,Credit reporting,Credit reporting,200,2045.874,
11157,22ee4be6-0396-46b6-b357-94c74dced6d2,Mortgage,Debt collection,200,4153.316,
11171,cb622478-e5e2-4dd3-b75c-c0a03406aa23,Bank account or service,Credit reporting,200,1900.386,
11187,9ebdbec5-e003-4214-a50e-e309a92c2dd4,Bank account or service,Bank account or service,200,3325.087,
11189,44b31a76-c219-459d-97a0-aec31857387f,Debt collection,Debt collection,200,3260.455,
11202,fbe5d85e-937c-406e-9136-044ed2067287,Bank account or service,Debt collection,200,2608.134,
11203,600530e0-65e9-4f63-bb81-9fc061abef50,Credit reporting,Credit reporting,200,3009.108,
11214,aaba0656-5750-4dc1-bcc5-27d8b72220d2,Credit reporting,Credit reporting,200,3914.447,
11218,a0f653ed-d841-4339-bf67-02960d228959,Mortgage,Debt collection,200,2296.797,
11224,8a63de91-50d2-407a-ac92-0eb2767d0af7,Money transfer or service,Debt collection,200,2082.956,
11229,21149220-9482-480c-a2a1-6d992f3497fe,Debt collection,Debt collection,200,2640.172,
11230,56209879-0084-4d51-8e0d-9536a42ca0dd,Money transfer or service,Debt collection,200,1654.408,
11237,02b783be-d22b-4fc4-ac73-418e85045c59,Debt collection,Debt collection,200,1737.962,
11239,21ae83ad-f8f9-4e6b-820f-2e83c795d8ea,Mortgage,Mortgage,200,2029.586,
11240,ae551157-f39e-4b14-939a-e71842c5729b,Debt collection,Credit reporting,200,4404.573,
11242,0f0a0133-4fd4-499c-a544-2aea5045ba24,Consumer loan,Debt collection,200,3263.844,
11258,c7c95285-1824-400a-bb10-7f5decf576c8,Bank account or service,Bank account or service,200,1947.668,
11261,2fe8a7cf-b71b-49e0-ad91-29f5dc72ff5c,Credit reporting,Credit reporting,200,1509.143,
11263,971c2f71-5357-4535-8829-eaaa1fc2c1af,Credit card,Debt collection,200,3519.607,
11265,fe6b6dad-fa35-483a-aafc-407c8942285f,Bank account or service,Bank account or service,200,2861.446,
11266,03d624e6-ae22-478a-8a3f-085741c48591,Debt collection,Credit reporting,200,1545.77,
11270,29e38746-18f2-4f40-87e3-58c336156239,Credit reporting,Credit reporting,200,2543.083,
11271,f0726abc-7087-4b26-be7e-3db056720e75,Money transfer or service,Money transfer or service,200,1672.474,
11276,443f05e7-9ce0-4154-91a2-731167d50a8f,Credit reporting,Debt collection,200,2027.931,
11279,4f89fed2-bc3e-41d5-8f3e-5ca2e81c5055,Bank account or service,Credit reporting,200,3299.225,
11282,a9af2f9d-4440-4500-9ce9-78e4d64d1372,Bank account or service,Bank account or service,200,1571.051,
11283,7bdaac30-413f-4fc5-8ed5-87b788ab1de6,Credit card,Credit reporting,200,3416.752,
11287,bf8a018c-353c-46e8-9a97-a47d0f2b703f,Credit reporting,Credit reporting,200,2199.946,
11290,764f84fb-dacd-431a-8636-6bd5b3be2bc8,Debt collection,Debt collection,200,2237.389,
11293,fcdf9c13-a691-4a0b-9c85-3c79001dcbef,Bank account or service,Bank account or service,200,2884.132,
11294,443b24e3-a275-4e2e-b7dc-c1083265efa0,Money transfer or service,Debt collection,200,2832.562,
11296,226f0721-b4d9-4f41-8c60-c0441283c994,Money transfer or service,Debt collection,200,2437.227,
11300,b350b63e-9042-4a92-8f5e-fa0b564adcd7,Money transfer or service,Credit reporting,200,4205.114,
11306,04a7f14a-284e-449c-9f87-d10c73b3e864,Mortgage,Debt collection,200,2528.33,
11308,c04aa6b3-9480-4e28-bd27-db53b8116608,Credit card,Credit reporting,200,1786.076,
11312,366b9e21-08f2-4f3f-8b46-9b4038857ffe,Mortgage,Mortgage,200,3583.066,
11319,a4cee3be-3952-4d16-9482-8da0e61bcc9c,Bank account or service,Credit card,200,2136.47,
11325,b7964e13-0fbf-4892-9ebf-f79258fde085,Bank account or service,Credit card,200,2768.827,
11354,84e2b79f-df6b-4b68-a1d5-5ca4091f9328,Money transfer or service,Credit reporting,200,1977.343,
11359,4d74c60e-c3a2-4d07-959d-491e8594e42a,Bank account or service,Bank account or service,200,2009.277,
11361,5f183e8a-5c63-4803-b06a-3172f30446b6,Debt collection,Debt collection,200,3436.97,
11363,77ed3e91-2a35-4059-8038-76e74137959b,Credit reporting,Credit reporting,200,2695.215,
11369,9b02547b-dbde-4a06-af1a-37331253b37f,Credit card,Credit card,200,2906.225,
11370,cef51225-c872-465d-a0ce-a76a0c82a6fa,Consumer loan,Credit reporting,200,2469.005,
11372,899056f8-d7c1-404c-8ba0-db27e9e9e744,Bank account or service,Debt collection,200,2307.809,
11376,aa037015-b899-4109-84ec-da9bfb17bda7,Mortgage,Credit reporting,200,2151.846,
11395,6eb72596-7d7a-434e-82e8-454dd2942a66,Bank account or service,Debt collection,200,2459.52,
11399,954722d5-c05c-49b4-96ae-a34d4b3cb027,Debt collection,Debt collection,200,2583.501,
11402,55e6d07f-a1f0-4bc5-8e19-f66c8f3b7cdd,Bank account or service,Credit card,200,1795.013,
11411,36382bda-ef96-4d9d-954d-a310e634aa5b,Credit reporting,Credit reporting,200,1906.805,
11428,a5ff2611-52fb-4380-b25d-7acb71e3cb33,Money transfer or service,Debt collection,200,2006.62,
11431,1811cdc3-8fca-4e47-9051-8e6cb41220c1,Credit reporting,Credit reporting,200,2201.149,
11437,1d19fa3f-710c-415e-9682-557dc6df26bc,Credit reporting,Credit reporting,200,1544.196,
11449,0e3be258-afef-4813-bf3e-68778c0d5653,Credit reporting,Credit reporting,200,2669.943,
11450,82af7b42-c005-461e-a76c-e62c05cd1508,Credit reporting,Credit card,200,1592.43,
11451,6fadbd7d-f5af-4268-b30d-fbf0962117f1,Mortgage,Mortgage,200,2263.539,
11470,d7c1d2c8-5639-47da-b74c-8db9f9ef88b9,Credit reporting,Credit reporting,200,2307.558,
11479,61b96f47-edc3-4d81-b7fe-14e450b73b98,Bank account or service,Debt collection,200,4513.465,
11480,69a014f4-ce25-4df2-a845-4ffefa6f530e,Debt collection,Debt collection,200,1703.527,
11489,0c7a8a1b-e8c0-4dd3-870f-0fde9c4d19f7,Credit reporting,Credit reporting,200,2843.139,
11490,646d4fa8-b046-4892-900c-f10322dce8f8,Bank account or service,Bank account or service,200,2275.193,
11514,36c6b3e0-5d2e-4b1f-9d20-802d5202fc07,Mortgage,Mortgage,200,2912.908,
11516,1317c031-b052-435e-957e-22b5b5e1166f,Bank account or service,Credit reporting,200,4037.536,
11521,65ffacaa-ea1e-4611-8525-de21110d3c6f,Bank account or service,Bank account or service,200,2226.954,
11522,4e0bc9a7-4b9e-447c-b2f5-c1c4ae4a83dc,Bank account or service,Debt collection,200,1413.13,
11533,d96b3557-96d2-4dc4-b2f4-0602f1fab196,Debt collection,Debt collection,200,1688.588,
11554,ee9bb4c7-2b24-48bc-b2bc-8f8ff521eeed,Credit reporting,Credit reporting,200,1501.994,
11560,f127191e-830f-4011-8259-3c1c04c4196c,Consumer loan,Debt collection,200,2467.543,
11565,4b8dad1f-f97e-4b4e-b8c9-ce888159e6ae,Debt collection,Debt collection,200,2046.0,
11572,21eeac16-c0d2-4877-aee4-97e850cf6a38,Bank account or service,Debt collection,200,4111.819,
11576,b39ae8af-4d4f-4d8f-90b9-15723fec6f92,Credit card,Debt collection,200,2265.333,
11581,ab794ab7-d6ac-4246-ba1d-eabce03c6589,Credit reporting,Bank account or service,200,1745.265,
11587,ed9c0f50-9bbe-4c4b-a3c9-ccf5ca72ad74,Bank account or service,Bank account or service,200,2592.884,
11603,bbfa9952-8bd5-4842-b649-4093829e1319,Debt collection,Debt collection,200,1904.078,
11606,19bfb5ad-e2fd-491b-beb3-554a28434537,Mortgage,Mortgage,200,2949.37,
11618,f9d87385-9911-4ebc-9208-c4dbf966a60b,Credit reporting,Debt collection,200,2131.828,
11620,a9a2d9a2-e17d-4cc2-ade2-d15d63891c8b,Consumer loan,Credit reporting,200,3010.823,
11622,017c1f12-480b-4ef8-a327-b84567d44215,Debt collection,Credit reporting,200,1715.666,
11627,333f309c-e475-4ecb-a7a8-b8830758ddc7,Consumer loan,Consumer loan,200,2479.743,
11629,f77a65c5-3caf-4e3b-a406-aa84300476e4,Credit reporting,Debt collection,200,2471.826,
11630,b79c5113-ec5b-4a6e-bec9-0434d3828346,Bank account or service,Consumer loan,200,1887.401,
11659,525f3ad5-0b43-4d07-974d-7e18b72af3fc,Mortgage,Mortgage,200,3066.247,
11669,6597c315-69cd-4c2d-a952-073a3d8b8b1b,Mortgage,Mortgage,200,2493.364,
11677,a461bb92-9feb-4b8f-af0e-bbcffe4f2a42,Money transfer or service,Money transfer or service,200,2153.859,
11680,3529d041-c0d1-4804-83cf-4ba9cce24376,Debt collection,Credit reporting,200,1669.825,
11686,3b82789c-dc60-4010-a29c-ced9ac16d86f,Money transfer or service,Money transfer or service,200,1606.192,
11689,076ec73b-5927-4c5b-ad5d-78429e813bd8,Credit card,Credit card,200,3159.705,
11694,4ddac25e-e395-41b6-bac7-f4878b4fa5fa,Credit reporting,Credit reporting,200,2367.669,
11706,6f6ca9ca-be4d-419c-aa0e-7feb5fe3ba16,Money transfer or service,Debt collection,200,4155.37,
11713,4085168d-8023-4cc3-9c07-2d089a81a9f7,Credit reporting,Credit reporting,200,2345.115,
11715,2087496f-4bb3-4210-9b58-b9d0b90c3427,Money transfer or service,Bank account or service,200,2048.8,
11717,7efad4e5-b10a-4e8c-b6c6-fcff5eee7385,Credit reporting,Debt collection,200,3601.881,
11727,c1c0f7d8-549a-4f6d-9fff-dc798a45c63a,Credit reporting,Credit reporting,200,2014.24,
11729,22db7be6-1852-40ea-9cf3-c7bb627c9720,Credit reporting,Credit reporting,200,2623.061,
11732,c1ea6cd9-ed8b-46fd-9953-cb4db5388f43,Credit reporting,Credit reporting,200,4736.015,
11741,4b75a3c1-a91c-40b1-b375-a735d113c29e,Debt collection,Debt collection,200,1501.377,
11745,2495613e-397d-4d67-840a-048393334974,Bank account or service,Credit reporting,200,2379.699,
11746,86c05543-4465-4fcd-99f5-83487e872576,Consumer loan,Consumer loan,200,4654.412,
11747,17255bd5-1341-4ecd-8084-778bb01c5242,Credit reporting,Debt collection,200,3845.18,
11748,14229b00-8c8a-4180-a57a-5d79fcfdae01,Consumer loan,Debt collection,200,3380.281,
11761,d1d3efd7-03c1-42a1-a9fc-409f74316487,Mortgage,Mortgage,200,2529.567,
11764,d0b73ed3-31f6-4111-9a17-9381baf0ffb5,Debt collection,Debt collection,200,1470.035,
11772,be9e22a4-81ac-4d6f-b0f3-79d2360eb8c0,Money transfer or service,Credit card,200,3575.707,
11780,34ccbbe1-e6fa-47fe-ade6-558db77eec1f,Bank account or service,Debt collection,200,2273.502,
11784,12709984-0b5e-4d12-91af-48ddd289721f,Credit reporting,Credit reporting,200,2732.078,
11786,dc122233-1c52-4bd7-9fc9-c30a52ec4cb3,Bank account or service,Consumer loan,200,3394.185,
11792,6e5f92f8-69bd-4870-b1ce-e598f0dcb69f,Mortgage,Credit reporting,200,2700.252,
11798,2d3532ad-d2c4-49e5-9458-ed99d0eec3e8,Credit reporting,Credit reporting,200,2327.377,
11818,854e1819-e2b3-4ac2-a205-42f84f507c3f,Debt collection,Debt collection,200,1844.82,
11820,a8a97aaa-ad9a-448e-acf1-c9de925581a8,Debt collection,Debt collection,200,1447.021,
11825,381317e9-ce8f-420a-8da3-c1635cbe5889,Bank account or service,Debt collection,200,1758.22,
11827,fba208ef-6b8e-423d-bbc5-42ad2f6f1adb,Credit card,Credit reporting,200,2267.227,
11829,c2e15340-679b-4cb9-a9b2-137a5987d292,Credit reporting,Credit reporting,200,4295.789,
11830,80d3f130-07ea-4ade-b7cb-5f481101f45e,Credit reporting,Credit reporting,200,3363.611,
11842,7ebee688-1691-4dd2-87d0-be6812721bba,Debt collection,Debt collection,200,2102.863,
11856,34b39bcc-f4c5-4eb2-8e97-f1072e0db198,Credit card,Credit card,200,2053.46,
11858,6f0048b0-4812-4b07-9b41-195b5822a495,Consumer loan,Credit reporting,200,2675.909,
11860,1f623df9-238d-439e-bec3-d559a477c568,Credit reporting,Credit reporting,200,1976.461,
11863,b7e8c7e6-3423-4625-80da-47e8b277afaa,Consumer loan,Credit reporting,200,2768.226,
11864,83e18b41-7aee-4a35-8116-5ca322575b02,Money transfer or service,Credit reporting,200,4268.469,
11865,368303cd-2699-489b-b8dc-c0963d4ff049,Credit reporting,Credit reporting,200,1566.332,
11866,d1f5e244-7e06-4d71-95ba-92154c649021,Credit reporting,Credit reporting,200,2015.905,
11873,55ff9afb-f139-4cfe-be2f-d4b0130ea150,Credit card,Credit card,200,2582.057,
11878,fc6fa6e2-751e-4616-aff7-75dc718ffa62,Debt collection,Debt collection,200,2243.614,
11885,e3ad21af-a7a8-47fd-b52a-b3cd92484893,Credit card,Credit reporting,200,3516.583,
11895,a9507809-ad78-410a-8d85-b047c3a1a3a6,Debt collection,Debt collection,200,1573.632,
11898,83b32ffb-50f8-43ea-a0bb-f07c321d98a8,Credit reporting,Credit reporting,200,2360.4,
11900,204d85c8-f5fc-42ad-9946-9812c46d85d9,Credit reporting,Credit reporting,200,2057.854,
11902,7d1217ec-28ac-4a1b-b4cd-1ae952dae1e4,Credit reporting,Debt collection,200,1583.054,
11904,d7bf3a57-4d45-47ef-8170-294a72ccb50d,Consumer loan,Debt collection,200,2280.74,
11907,a06ffce1-e6c3-43c6-b9a0-ace80ff65701,Credit card,Credit reporting,200,2174.918,
11909,9385e23f-ed90-4e2a-9f84-61d840446991,Bank account or service,Bank account or service,200,1834.361,
11917,1e5b3faa-583e-4d1e-b2ae-2fc052ad7de6,Debt collection,Debt collection,200,4052.945,
11919,b6eb9aee-e2d0-4b4f-adf8-2acd5b62dd3e,Debt collection,Mortgage,200,2531.796,
11921,775fdcf1-c369-4eb6-8ab9-50271eb46023,Consumer loan,Credit reporting,200,2916.51,
11926,a02dc35b-f9eb-4baf-a2ed-6efba1b6f92d,Mortgage,Consumer loan,200,2815.645,
11928,627ddcf7-11a4-4bb4-aee4-7bba9095c2bb,Credit reporting,Credit reporting,200,1819.22,
11933,ceaec8d6-dc48-4860-9f32-a84135e078c2,Bank account or service,Debt collection,200,2936.57,
11952,4e3accbc-6f0a-42b2-9b22-bf93539a7b59,Bank account or service,Credit reporting,200,4471.342,
11956,9621fc84-eb69-4c7e-9a8e-4831b3b5e6ec,Mortgage,Mortgage,200,3900.573,
11989,7b0ab9f8-5eea-4d06-a446-2804777eba42,Mortgage,Debt collection,200,2442.425,
11998,80b072c5-0f17-4a8d-a341-833547c06b37,Bank account or service,Money transfer or service,200,2716.596,
