row,category_a1,category_a2,resolved_category,resolution_reason,protocol_revision
11017,Debt collection,Credit reporting,Credit reporting,The complaint explicitly cites section 1681i of the Fair Credit Reporting Act (FCRA), alleging failure by a consumer reporting agency to perform a reasonable reinvestigation of disputed credit file items (account information and inquiries) within 30 days. The primary issue concerns consumer credit reporting accuracy and reinvestigation compliance rather than debt collection activity., No change
11098,Credit reporting,Debt collection,Debt collection,"The main objective of the complaint is to enforce a request for debt validation and request specific documents under the Fair Debt Collection Practices Act (FDCPA) from a debt collector (Credit Collection Services). Per the guidance, complaints concerning a debt collector's conduct or validation compliance fall under Debt collection rather than Credit reporting.",No change
11107,Credit card,Credit reporting,Credit reporting,The main complaint concerns consumer reporting and account information. The credit-card reference is secondary to the reporting dispute.,No change
11171,Credit reporting,Bank account or service,Bank account or service,The complaint primarily concerns account closure payment-plan handling and disputed fees. Credit reporting is secondary. Bank account or service was selected because the account type is unspecified.,No change
11276,Credit reporting,Bank account or service,Credit reporting,The complaint primarily disputes an allegedly incorrect reported balance and 60-day delinquency and seeks removal of negative credit information. Account closure is background to the reporting dispute.,No change
11312,Mortgage,Bank account or service,Mortgage,The complaint concerns mortgage servicing errors following a loan recast including failed automatic deductions disputed payment reversals and penalties. The checking account is only the payment source and credit damage is a consequence of the servicing problem.,No change
11489,Consumer loan,Debt collection,Credit reporting,The complaint primarily challenges multiple credit-report entries associated with a closed student loan showing a zero balance. The collection agency is mentioned but no specific collection demand or abusive conduct is described.,No change
11784,Credit card,Credit reporting,Credit reporting,The complaint disputes an allegedly fraudulent credit-card account appearing on the consumer’s credit reports and requests investigation. The main issue is inaccurate reporting arising from identity theft.,No change



